
-- CUSTOMER (20 Records)


INSERT INTO customer
(first_name,last_name,gender,dob,email,phone,aadhar_number,address,city_id,state_id,country_id)
VALUES
('Arun','Kumar','Male','1998-05-12','arun@gmail.com','9876500001','123456789001','12 Anna Nagar',1,1,1),

('Priya','Sharma','Female','1999-07-18','priya@gmail.com','9876500002','123456789002','45 RS Puram',2,1,1),

('Rahul','Verma','Male','1997-03-25','rahul@gmail.com','9876500003','123456789003','78 KK Nagar',3,1,1),

('Sneha','Reddy','Female','2000-09-14','sneha@gmail.com','9876500004','123456789004','10 Hasthampatti',4,1,1),

('Vignesh','Rajan','Male','1996-11-20','vignesh@gmail.com','9876500005','123456789005','22 Cantonment',5,1,1),

('Karthik','S','Male','1998-02-15','karthik@gmail.com','9876500006','123456789006','14 MG Road',6,2,1),

('Anitha','M','Female','1995-06-10','anitha@gmail.com','9876500007','123456789007','88 Kuvempu Nagar',7,2,1),

('Ramesh','B','Male','1994-01-05','ramesh@gmail.com','9876500008','123456789008','54 Vidyanagar',8,2,1),

('Meena','Devi','Female','1997-08-19','meena@gmail.com','9876500009','123456789009','17 Hampankatta',9,2,1),

('Ajay','Joseph','Male','1993-04-27','ajay@gmail.com','9876500010','123456789010','91 Marine Drive',10,3,1),

('Deepa','Nair','Female','1999-12-08','deepa@gmail.com','9876500011','123456789011','11 MG Road',11,3,1),

('Akash','Menon','Male','1996-10-16','akash@gmail.com','9876500012','123456789012','66 Mavoor Road',12,3,1),

('Suresh','Rao','Male','1992-09-01','suresh@gmail.com','9876500013','123456789013','32 Banjara Hills',13,5,1),

('Divya','Patel','Female','1998-03-11','divya@gmail.com','9876500014','123456789014','44 Hanamkonda',14,5,1),

('Mohan','Singh','Male','1995-07-07','mohan@gmail.com','9876500015','123456789015','12 Andheri East',15,6,1),

('Kavitha','Joshi','Female','1997-05-30','kavitha@gmail.com','9876500016','123456789016','20 Shivaji Nagar',16,6,1),

('Harish','Patel','Male','1994-06-21','harish@gmail.com','9876500017','123456789017','99 Navrangpura',17,7,1),

('Pooja','Mehta','Female','1998-08-28','pooja@gmail.com','9876500018','123456789018','15 MI Road',18,8,1),

('Amit','Das','Male','1996-01-18','amit@gmail.com','9876500019','123456789019','25 Salt Lake',19,9,1),

('Neha','Yadav','Female','1999-11-09','neha@gmail.com','9876500020','123456789020','77 Hazratganj',20,10,1);


-- LOGIN (20 Records)


INSERT INTO login
(username,password,customer_id,role_id,last_login,status)
VALUES
('arun123','Arun@123',1,17,'2026-06-01 09:15:00','Active'),
('priya123','Priya@123',2,17,'2026-06-02 10:20:00','Active'),
('rahul123','Rahul@123',3,17,'2026-06-03 11:30:00','Active'),
('sneha123','Sneha@123',4,17,'2026-06-04 09:45:00','Active'),
('vignesh123','Vignesh@123',5,17,'2026-06-05 08:50:00','Active'),
('karthik123','Karthik@123',6,17,'2026-06-06 10:10:00','Active'),
('anitha123','Anitha@123',7,17,'2026-06-07 11:25:00','Active'),
('ramesh123','Ramesh@123',8,17,'2026-06-08 09:35:00','Active'),
('meena123','Meena@123',9,17,'2026-06-09 01:15:00','Active'),
('ajay123','Ajay@123',10,17,'2026-06-10 03:20:00','Active'),
('deepa123','Deepa@123',11,17,'2026-06-11 02:40:00','Active'),
('akash123','Akash@123',12,17,'2026-06-12 04:10:00','Active'),
('suresh123','Suresh@123',13,3,'2026-06-13 09:00:00','Active'),
('divya123','Divya@123',14,17,'2026-06-14 10:45:00','Active'),
('mohan123','Mohan@123',15,5,'2026-06-15 08:30:00','Active'),
('kavitha123','Kavitha@123',16,17,'2026-06-16 11:15:00','Active'),
('harish123','Harish@123',17,6,'2026-06-17 09:20:00','Active'),
('pooja123','Pooja@123',18,17,'2026-06-18 01:40:00','Active'),
('amit123','Amit@123',19,17,'2026-06-19 03:00:00','Active'),
('neha123','Neha@123',20,17,'2026-06-20 10:30:00','Active');








-- ACCOUNT (20 Records)


INSERT INTO account
(account_number, customer_id, branch_id, account_type_id, balance, opening_date, account_status)
VALUES
('1001000001',1,1,1,50000.00,'2024-01-10','Active'),
('1001000002',2,2,1,75000.00,'2024-01-12','Active'),
('1001000003',3,3,2,120000.00,'2024-01-15','Active'),
('1001000004',4,4,1,35000.00,'2024-01-18','Active'),
('1001000005',5,5,3,80000.00,'2024-01-20','Active'),
('1001000006',6,6,1,45000.00,'2024-01-22','Active'),
('1001000007',7,7,2,95000.00,'2024-01-25','Active'),
('1001000008',8,8,1,60000.00,'2024-01-28','Active'),
('1001000009',9,9,4,150000.00,'2024-02-01','Active'),
('1001000010',10,10,1,55000.00,'2024-02-03','Active'),
('1001000011',11,11,2,200000.00,'2024-02-05','Active'),
('1001000012',12,12,1,40000.00,'2024-02-08','Active'),
('1001000013',13,13,5,70000.00,'2024-02-10','Active'),
('1001000014',14,14,1,65000.00,'2024-02-12','Active'),
('1001000015',15,15,2,90000.00,'2024-02-15','Active'),
('1001000016',16,16,1,50000.00,'2024-02-18','Active'),
('1001000017',17,17,3,130000.00,'2024-02-20','Active'),
('1001000018',18,18,1,47000.00,'2024-02-22','Active'),
('1001000019',19,19,4,250000.00,'2024-02-25','Active'),
('1001000020',20,20,1,52000.00,'2024-02-28','Active');


-- BENEFICIARY (20 Records)


INSERT INTO beneficiary
(customer_id, beneficiary_name, account_number, ifsc_code, bank_name, added_date)
VALUES
(1,'Priya Sharma','1001000002','BMS000002','Monarchy Bank','2024-03-01'),
(2,'Rahul Verma','1001000003','BMS000003','Monarchy Bank','2024-03-02'),
(3,'Sneha Reddy','1001000004','BMS000004','Monarchy Bank','2024-03-03'),
(4,'Vignesh Rajan','1001000005','BMS000005','Monarchy Bank','2024-03-04'),
(5,'Karthik S','1001000006','BMS000006','Monarchy Bank','2024-03-05'),
(6,'Anitha M','1001000007','BMS000007','Monarchy Bank','2024-03-06'),
(7,'Ramesh B','1001000008','BMS000008','Monarchy Bank','2024-03-07'),
(8,'Meena Devi','1001000009','BMS000009','Monarchy Bank','2024-03-08'),
(9,'Ajay Joseph','1001000010','BMS000010','Monarchy Bank','2024-03-09'),
(10,'Deepa Nair','1001000011','BMS000011','Monarchy Bank','2024-03-10'),
(11,'Akash Menon','1001000012','BMS000012','Monarchy Bank','2024-03-11'),
(12,'Suresh Rao','1001000013','BMS000013','Monarchy Bank','2024-03-12'),
(13,'Divya Patel','1001000014','BMS000014','Monarchy Bank','2024-03-13'),
(14,'Mohan Singh','1001000015','BMS000015','Monarchy Bank','2024-03-14'),
(15,'Kavitha Joshi','1001000016','BMS000016','Monarchy Bank','2024-03-15'),
(16,'Harish Patel','1001000017','BMS000017','Monarchy Bank','2024-03-16'),
(17,'Pooja Mehta','1001000018','BMS000018','Monarchy Bank','2024-03-17'),
(18,'Amit Das','1001000019','BMS000019','Monarchy Bank','2024-03-18'),
(19,'Neha Yadav','1001000020','BMS000020','Monarchy Bank','2024-03-19'),
(20,'Arun Kumar','1001000001','BMS000001','Monarchy Bank','2024-03-20');











-- DEPOSIT (20 Records)


INSERT INTO deposit
(account_id, amount, deposit_date, remarks)
VALUES
(1,10000.00,'2024-03-01 10:15:00','Cash Deposit'),
(2,15000.00,'2024-03-02 11:20:00','Cheque Deposit'),
(3,20000.00,'2024-03-03 09:45:00','Cash Deposit'),
(4,12000.00,'2024-03-04 02:10:00','Online Transfer'),
(5,18000.00,'2024-03-05 01:30:00','Cash Deposit'),
(6,25000.00,'2024-03-06 03:00:00','NEFT Credit'),
(7,14000.00,'2024-03-07 10:45:00','Cash Deposit'),
(8,22000.00,'2024-03-08 12:20:00','Cheque Deposit'),
(9,30000.00,'2024-03-09 11:00:00','RTGS Credit'),
(10,16000.00,'2024-03-10 09:30:00','Cash Deposit'),
(11,28000.00,'2024-03-11 01:45:00','Online Transfer'),
(12,17000.00,'2024-03-12 02:15:00','Cash Deposit'),
(13,21000.00,'2024-03-13 11:10:00','Cheque Deposit'),
(14,24000.00,'2024-03-14 04:20:00','Cash Deposit'),
(15,26000.00,'2024-03-15 03:40:00','NEFT Credit'),
(16,19000.00,'2024-03-16 10:05:00','Cash Deposit'),
(17,23000.00,'2024-03-17 09:25:00','Online Transfer'),
(18,15000.00,'2024-03-18 12:45:00','Cheque Deposit'),
(19,32000.00,'2024-03-19 11:50:00','RTGS Credit'),
(20,18000.00,'2024-03-20 01:15:00','Cash Deposit');





-- WITHDRAWAL (20 Records)


INSERT INTO withdrawal
(account_id, amount, withdrawal_date, remarks)
VALUES
(1,5000.00,'2024-03-02 09:30:00','ATM Withdrawal'),
(2,3000.00,'2024-03-03 10:15:00','Cash Withdrawal'),
(3,10000.00,'2024-03-04 11:45:00','Cheque Withdrawal'),
(4,2500.00,'2024-03-05 01:20:00','ATM Withdrawal'),
(5,8000.00,'2024-03-06 02:10:00','UPI Payment'),
(6,4500.00,'2024-03-07 09:40:00','Cash Withdrawal'),
(7,6000.00,'2024-03-08 12:30:00','ATM Withdrawal'),
(8,7500.00,'2024-03-09 03:15:00','Online Purchase'),
(9,12000.00,'2024-03-10 11:25:00','Cheque Withdrawal'),
(10,5000.00,'2024-03-11 10:05:00','ATM Withdrawal'),
(11,9000.00,'2024-03-12 01:45:00','Cash Withdrawal'),
(12,4000.00,'2024-03-13 02:20:00','UPI Payment'),
(13,8500.00,'2024-03-14 11:35:00','ATM Withdrawal'),
(14,6500.00,'2024-03-15 04:10:00','Online Shopping'),
(15,7000.00,'2024-03-16 03:25:00','Cash Withdrawal'),
(16,5500.00,'2024-03-17 09:15:00','ATM Withdrawal'),
(17,9500.00,'2024-03-18 10:50:00','Cheque Withdrawal'),
(18,3000.00,'2024-03-19 12:40:00','UPI Payment'),
(19,15000.00,'2024-03-20 11:55:00','Cash Withdrawal'),
(20,4500.00,'2024-03-21 01:30:00','ATM Withdrawal');


-- FUND TRANSFER (20 Records)


INSERT INTO fund_transfer
(from_account, to_account, amount, transfer_date, transfer_status)
VALUES
(1,2,5000.00,'2024-03-22 09:30:00','Success'),
(2,3,3500.00,'2024-03-22 10:15:00','Success'),
(3,4,7000.00,'2024-03-22 11:00:00','Success'),
(4,5,2500.00,'2024-03-23 09:45:00','Pending'),
(5,6,6000.00,'2024-03-23 10:30:00','Success'),
(6,7,4500.00,'2024-03-23 11:20:00','Failed'),
(7,8,8000.00,'2024-03-24 09:10:00','Success'),
(8,9,5500.00,'2024-03-24 10:40:00','Success'),
(9,10,9000.00,'2024-03-24 11:30:00','Pending'),
(10,11,3000.00,'2024-03-25 09:20:00','Success'),
(11,12,7500.00,'2024-03-25 10:50:00','Success'),
(12,13,4200.00,'2024-03-25 11:40:00','Failed'),
(13,14,6800.00,'2024-03-26 09:35:00','Success'),
(14,15,5100.00,'2024-03-26 10:25:00','Success'),
(15,16,8500.00,'2024-03-26 11:15:00','Pending'),
(16,17,6200.00,'2024-03-27 09:50:00','Success'),
(17,18,4700.00,'2024-03-27 10:45:00','Success'),
(18,19,9200.00,'2024-03-27 11:25:00','Failed'),
(19,20,7800.00,'2024-03-28 09:40:00','Success'),
(20,1,5600.00,'2024-03-28 10:30:00','Success');



-- TRANSACTION HISTORY (20 Records)


INSERT INTO transaction_history
(account_id, transaction_type_id, amount, balance_after, transaction_date, remarks)
VALUES
(1,1,10000.00,60000.00,'2024-03-01 10:15:00','Cash Deposit'),
(1,2,5000.00,55000.00,'2024-03-02 09:30:00','ATM Withdrawal'),
(2,1,15000.00,90000.00,'2024-03-02 11:20:00','Cheque Deposit'),
(2,5,3500.00,86500.00,'2024-03-22 10:15:00','Fund Transfer'),
(3,1,20000.00,140000.00,'2024-03-03 09:45:00','Cash Deposit'),
(3,2,10000.00,130000.00,'2024-03-04 11:45:00','Cheque Withdrawal'),
(4,1,12000.00,47000.00,'2024-03-04 02:10:00','Online Deposit'),
(4,5,2500.00,44500.00,'2024-03-23 09:45:00','Fund Transfer'),
(5,1,18000.00,98000.00,'2024-03-05 01:30:00','Cash Deposit'),
(5,2,8000.00,90000.00,'2024-03-06 02:10:00','UPI Payment'),
(6,1,25000.00,70000.00,'2024-03-06 03:00:00','NEFT Credit'),
(7,1,14000.00,109000.00,'2024-03-07 10:45:00','Cash Deposit'),
(8,2,7500.00,52500.00,'2024-03-09 03:15:00','Online Purchase'),
(9,1,30000.00,180000.00,'2024-03-09 11:00:00','RTGS Credit'),
(10,2,5000.00,50000.00,'2024-03-11 10:05:00','ATM Withdrawal'),
(11,1,28000.00,228000.00,'2024-03-11 01:45:00','Online Transfer'),
(12,2,4000.00,53000.00,'2024-03-13 02:20:00','UPI Payment'),
(13,1,21000.00,91000.00,'2024-03-13 11:10:00','Cheque Deposit'),
(14,2,6500.00,58500.00,'2024-03-15 04:10:00','Online Shopping'),
(15,1,26000.00,116000.00,'2024-03-15 03:40:00','NEFT Credit');


-- LOAN (20 Records)

INSERT INTO loan
(customer_id, loan_type_id, loan_amount, interest_rate, tenure_months, loan_status, approved_date)
VALUES
(1,1,2500000.00,8.50,240,'Approved','2024-01-15'),
(2,2,500000.00,11.50,60,'Approved','2024-01-18'),
(3,3,800000.00,9.25,84,'Approved','2024-01-20'),
(4,4,600000.00,7.50,120,'Approved','2024-01-22'),
(5,5,300000.00,8.00,36,'Approved','2024-01-25'),
(6,6,1500000.00,10.75,96,'Pending',NULL),
(7,7,400000.00,6.50,48,'Approved','2024-02-01'),
(8,8,3500000.00,8.75,180,'Approved','2024-02-05'),
(9,9,900000.00,9.00,72,'Rejected',NULL),
(10,10,1200000.00,10.25,84,'Approved','2024-02-10'),
(11,11,200000.00,12.00,24,'Approved','2024-02-15'),
(12,12,150000.00,13.50,18,'Approved','2024-02-18'),
(13,13,100000.00,9.50,24,'Pending',NULL),
(14,14,4500000.00,10.50,120,'Approved','2024-02-22'),
(15,15,2500000.00,11.00,60,'Approved','2024-02-25'),
(16,16,500000.00,12.50,36,'Rejected',NULL),
(17,17,5500000.00,8.90,180,'Approved','2024-03-01'),
(18,18,750000.00,10.00,48,'Approved','2024-03-05'),
(19,19,2000000.00,9.75,84,'Pending',NULL),
(20,20,100000.00,11.75,12,'Approved','2024-03-10');


-- CARD REQUEST (20 Records)


INSERT INTO card_request
(customer_id, card_type_id, request_date, request_status)
VALUES
(1,1,'2024-03-01','Approved'),
(2,2,'2024-03-02','Approved'),
(3,3,'2024-03-03','Pending'),
(4,4,'2024-03-04','Approved'),
(5,5,'2024-03-05','Rejected'),
(6,6,'2024-03-06','Approved'),
(7,7,'2024-03-07','Pending'),
(8,8,'2024-03-08','Approved'),
(9,9,'2024-03-09','Approved'),
(10,10,'2024-03-10','Rejected'),
(11,11,'2024-03-11','Approved'),
(12,12,'2024-03-12','Pending'),
(13,13,'2024-03-13','Approved'),
(14,14,'2024-03-14','Approved'),
(15,15,'2024-03-15','Rejected'),
(16,16,'2024-03-16','Approved'),
(17,17,'2024-03-17','Pending'),
(18,18,'2024-03-18','Approved'),
(19,19,'2024-03-19','Approved'),
(20,20,'2024-03-20','Pending');

-- ACCOUNT STATEMENT (20 Records)


INSERT INTO account_statement
(account_id, statement_month, opening_balance, closing_balance, generated_date)
VALUES
(1,'March-2024',50000.00,55000.00,'2024-03-31'),
(2,'March-2024',75000.00,86500.00,'2024-03-31'),
(3,'March-2024',120000.00,130000.00,'2024-03-31'),
(4,'March-2024',35000.00,44500.00,'2024-03-31'),
(5,'March-2024',80000.00,90000.00,'2024-03-31'),
(6,'March-2024',45000.00,70000.00,'2024-03-31'),
(7,'March-2024',95000.00,109000.00,'2024-03-31'),
(8,'March-2024',60000.00,52500.00,'2024-03-31'),
(9,'March-2024',150000.00,180000.00,'2024-03-31'),
(10,'March-2024',55000.00,50000.00,'2024-03-31'),
(11,'March-2024',200000.00,228000.00,'2024-03-31'),
(12,'March-2024',40000.00,53000.00,'2024-03-31'),
(13,'March-2024',70000.00,91000.00,'2024-03-31'),
(14,'March-2024',65000.00,58500.00,'2024-03-31'),
(15,'March-2024',90000.00,116000.00,'2024-03-31'),
(16,'March-2024',50000.00,63500.00,'2024-03-31'),
(17,'March-2024',130000.00,143500.00,'2024-03-31'),
(18,'March-2024',47000.00,59200.00,'2024-03-31'),
(19,'March-2024',250000.00,266800.00,'2024-03-31'),
(20,'March-2024',52000.00,65600.00,'2024-03-31');